{"cameraMode":{"drawMode":0,"name":"Shaded","section":"Shading Mode"},"sceneLighting":true,"audioPlay":false,"sceneViewState":{"showFog":false,"showMaterialUpdate":false,"showSkybox":false,"showFlares":false,"showImageEffects":false,"showParticleSystems":false},"in2DMode":false,"pivot":{"x":-1.2313120365142823,"y":0.044698089361190799,"z":-0.5483827590942383},"rotation":{"x":0.030239397659897805,"y":-0.5523399114608765,"z":0.02005455456674099,"w":0.8328319191932678},"size":4.600186347961426,"orthographic":false}