{"cameraMode":{"drawMode":0,"name":"Shaded","section":"Shading Mode"},"sceneLighting":true,"audioPlay":false,"sceneViewState":{"showFog":false,"showMaterialUpdate":false,"showSkybox":false,"showFlares":false,"showImageEffects":false,"showParticleSystems":false},"in2DMode":false,"pivot":{"x":127.42767333984375,"y":127.49900817871094,"z":35.33941650390625},"rotation":{"x":0.001478447811678052,"y":-0.16868886351585389,"z":0.0002529938064981252,"w":0.9856684803962708},"size":562.0479125976563,"orthographic":false}