{"cameraMode":{"drawMode":0,"name":"Shaded","section":"Shading Mode"},"sceneLighting":true,"audioPlay":false,"sceneViewState":{"showFog":false,"showMaterialUpdate":false,"showSkybox":false,"showFlares":false,"showImageEffects":false,"showParticleSystems":false},"in2DMode":false,"pivot":{"x":-0.17205476760864259,"y":-1.2223206758499146,"z":0.2411785125732422},"rotation":{"x":0.06062443181872368,"y":-0.3389015197753906,"z":0.021889714524149896,"w":0.9386126399040222},"size":5.730858325958252,"orthographic":false}