{"cameraMode":{"drawMode":0,"name":"Shaded","section":"Shading Mode"},"sceneLighting":true,"audioPlay":false,"sceneViewState":{"showFog":false,"showMaterialUpdate":false,"showSkybox":false,"showFlares":false,"showImageEffects":false,"showParticleSystems":false},"in2DMode":false,"pivot":{"x":-0.7324649095535278,"y":0.04379279166460037,"z":-1.175799012184143},"rotation":{"x":-0.007493890821933746,"y":0.04048836976289749,"z":0.00030366372084245086,"w":0.9991522431373596},"size":6.511333465576172,"orthographic":false}