{"cameraMode":{"drawMode":0,"name":"Shaded","section":"Shading Mode"},"sceneLighting":true,"audioPlay":false,"sceneViewState":{"showFog":false,"showMaterialUpdate":false,"showSkybox":false,"showFlares":false,"showImageEffects":false,"showParticleSystems":false},"in2DMode":false,"pivot":{"x":-0.6081308722496033,"y":0.5523130297660828,"z":-4.159036159515381},"rotation":{"x":0.15399400889873506,"y":-0.04800380393862724,"z":0.0074908058159053329,"w":0.9868802428245544},"size":4.600186347961426,"orthographic":false}