{"cameraMode":{"drawMode":0,"name":"Shaded","section":"Shading Mode"},"sceneLighting":false,"audioPlay":false,"sceneViewState":{"showFog":false,"showMaterialUpdate":false,"showSkybox":false,"showFlares":false,"showImageEffects":false,"showParticleSystems":false},"in2DMode":false,"pivot":{"x":-1.3728982210159302,"y":-1.3285154104232789,"z":12.02666187286377},"rotation":{"x":-0.103493332862854,"y":0.04980694502592087,"z":-0.0051890648901462559,"w":-0.9933695197105408},"size":22.0,"orthographic":false}